{
  "best_val_macro_f1": 0.949569452853671,
  "test": {
    "acc": 0.942,
    "macro_f1": 0.9426744994848889
  }
}