{
  "best_val_macro_f1": 0.9375166653969508,
  "test": {
    "acc": 0.931,
    "macro_f1": 0.9319553618798261
  }
}