{
  "best_val_macro_f1": 0.9417127393998511,
  "test": {
    "acc": 0.9296666666666666,
    "macro_f1": 0.9309068158308227
  }
}