{
  "best_val_macro_f1": 0.9389923949134156,
  "test": {
    "acc": 0.9366666666666666,
    "macro_f1": 0.9377916339508335
  }
}